INSERT INTO expenses (
    DATE, ebbill, physio_expenses, salary, tv, tea, phone_bill, food, biscuit, cooldrinks, service, WORK, milk
) VALUES
('2024-06-05', 310, 800, 15000, 1200, 50, 600, 300, 30, 60, 500, 1000, 45),
('2024-06-06', 290, 0, 15000, 0, 40, 700, 350, 35, 40, 450, 950, 42),
('2024-06-07', 330, 400, 15000, 1000, 45, 800, 310, 20, 50, 400, 1050, 47),
('2024-06-08', 340, 0, 15000, 500, 60, 620, 320, 40, 55, 420, 1100, 50),
('2024-06-09', 350, 600, 15000, 0, 35, 580, 290, 50, 45, 470, 1150, 48),
('2024-06-10', 280, 0, 15000, 1500, 70, 650, 340, 30, 60, 430, 1200, 43),
('2024-06-11', 300, 700, 15000, 0, 55, 620, 300, 25, 40, 390, 1250, 41),
('2024-06-12', 310, 900, 15000, 800, 60, 610, 310, 40, 70, 410, 1300, 46),
('2024-06-13', 295, 0, 15000, 1100, 50, 590, 280, 35, 55, 440, 1350, 49),
('2024-06-14', 305, 500, 15000, 0, 45, 640, 330, 20, 65, 460, 1400, 44),
('2024-06-15', 320, 750, 15000, 900, 65, 600, 310, 30, 50, 480, 1450, 47),
('2024-06-16', 300, 0, 15000, 1000, 55, 670, 340, 40, 60, 490, 1500, 45),
('2024-06-17', 310, 850, 15000, 1200, 40, 610, 300, 25, 70, 500, 1550, 42),
('2024-06-18', 330, 950, 15000, 0, 50, 640, 350, 35, 45, 510, 1600, 48),
('2024-06-19', 340, 0, 15000, 1300, 60, 590, 320, 20, 65, 520, 1650, 43),
('2024-06-20', 285, 400, 15000, 0, 45, 660, 290, 50, 40, 530, 1700, 46),
('2024-06-21', 295, 600, 15000, 1100, 70, 580, 310, 30, 60, 540, 1750, 41),
('2024-06-22', 310, 0, 15000, 900, 65, 630, 280, 25, 55, 550, 1800, 44),
('2024-06-23', 320, 850, 15000, 1000, 55, 600, 330, 40, 70, 560, 1850, 47),
('2024-06-24', 330, 0, 15000, 1200, 60, 610, 300, 20, 45, 570, 1900, 49),
('2024-06-25', 340, 500, 15000, 0, 50, 650, 310, 35, 65, 580, 1950, 42),
('2024-06-26', 300, 700, 15000, 1300, 40, 600, 320, 30, 50, 590, 2000, 45),
('2024-06-27', 310, 0, 15000, 1000, 45, 620, 290, 25, 60, 600, 2050, 48),
('2024-06-28', 325, 900, 15000, 0, 55, 640, 340, 40, 55, 610, 2100, 43),
('2024-06-29', 335, 800, 15000, 1100, 60, 590, 310, 20, 70, 620, 2150, 41),
('2024-06-30', 290, 0, 15000, 1200, 65, 630, 280, 35, 45, 630, 2200, 46),
('2024-07-01', 300, 400, 15000, 0, 50, 610, 300, 30, 60, 640, 2250, 44),
('2024-07-02', 310, 600, 15000, 900, 55, 600, 320, 25, 50, 650, 2300, 47),
('2024-07-03', 325, 0, 15000, 1100, 45, 580, 290, 40, 70, 660, 2350, 43),
('2024-07-04', 335, 750, 15000, 1000, 60, 620, 330, 20, 55, 670, 2400, 49),
('2024-07-05', 345, 900, 15000, 0, 70, 640, 310, 30, 45, 680, 2450, 41),
('2024-07-06', 290, 0, 15000, 1300, 65, 600, 300, 35, 60, 690, 2500, 46),
('2024-07-07', 300, 500, 15000, 0, 50, 610, 280, 25, 70, 700, 2550, 44),
('2024-07-08', 310, 800, 15000, 1200, 55, 630, 340, 40, 50, 710, 2600, 48),
('2024-07-09', 330, 0, 15000, 1000, 45, 620, 290, 20, 65, 720, 2650, 43),
('2024-07-10', 340, 600, 15000, 1100, 60, 640, 300, 30, 55, 730, 2700, 47),
('2024-07-11', 300, 0, 15000, 900, 50, 590, 320, 35, 70, 740, 2750, 42),
('2024-07-12', 310, 700, 15000, 0, 65, 600, 310, 40, 60, 750, 2800, 45),
('2024-07-13', 320, 850, 15000, 1000, 55, 610, 330, 25, 45, 760, 2850, 49),
('2024-07-14', 335, 0, 15000, 1300, 60, 620, 280, 20, 50, 770, 2900, 46),
('2024-07-15', 345, 950, 15000, 0, 70, 640, 300, 30, 60, 780, 2950, 41),
('2024-07-16', 290, 400, 15000, 1200, 65, 600, 310, 35, 70, 790, 3000, 44),
('2024-07-17', 305, 600, 15000, 0, 50, 610, 320, 25, 55, 800, 3050, 48),
('2024-07-18', 315, 0, 15000, 1100, 55, 630, 290, 40, 60, 810, 3100, 43),
('2024-07-19', 325, 750, 15000, 1000, 60, 590, 280, 30, 65, 820, 3150, 47),
('2024-07-20', 335, 0, 15000, 900, 45, 600, 300, 20, 50, 830, 3200, 41),
('2024-07-21', 345, 850, 15000, 1300, 70, 610, 340, 35, 70, 840, 3250, 46),
('2024-07-22', 300, 500, 15000, 0, 50, 620, 310, 25, 60, 850, 3300, 44),
('2024-07-23', 310, 0, 15000, 1200, 55, 630, 290, 30, 45, 860, 3350, 48),
('2024-07-24', 320, 700, 15000, 1100, 65, 600, 280, 40, 50, 870, 3400, 43),
('2024-07-25', 330, 0, 15000, 900, 60, 610, 300, 20, 55, 880, 3450, 47),
('2024-07-26', 340, 850, 15000, 1000, 50, 590, 320, 25, 70, 890, 3500, 46),
('2024-07-27', 295, 600, 15000, 0, 45, 620, 310, 30, 60, 900, 3550, 41),
('2024-07-28', 305, 0, 15000, 1300, 55, 630, 290, 35, 65, 910, 3600, 44),
('2024-07-29', 315, 700, 15000, 1200, 65, 640, 280, 40, 50, 920, 3650, 49),
('2024-07-30', 325, 0, 15000, 1000, 60, 600, 300, 20, 70, 930, 3700, 43),
('2024-07-31', 335, 950, 15000, 0, 50, 610, 310, 25, 55, 940, 3750, 47),
('2024-08-01', 345, 800, 15000, 1100, 55, 590, 330, 30, 60, 950, 3800, 41);


    --   // $faker = Faker::create();
    --     // for ($i = 1; $i <= 40; $i++) {
    --     //     DB::table('patients')->insert([
    --     //         'patient_name' => $faker->unique()->name,
    --     //         'email' => $faker->unique()->safeEmail,
    --     //         'mobile' => $faker->numerify('98########'),
    --     //         'alternate_no' => $faker->numerify('98########'),
    --     //         'caregiver_name' => $faker->name,
    --     //         'relationship' => $faker->randomElement(['Wife', 'Son', 'Daughter', 'Brother', 'Sister']),
    --     //         'remarks' => $faker->sentence,
    --     //         'refferred_by' => 'Dr. ' . $faker->lastName,
    --     //         'martial_status' => $faker->randomElement(['Single', 'Married']),
    --     //         'gender' => $faker->randomElement(['Male', 'Female']),
    --     //         'address' => $faker->address,
    --     //         'dob' => $faker->date('Y-m-d', '2005-01-01'),
    --     //         'password' => Hash::make('12345678'),
    --     //         'created_at' => now(),
    --     //         'updated_at' => now(),
    --     //     ]);
    --     // }



insert into `patients` (`id`, `patient_name`, `email`, `mobile`, `alternate_no`, `caregiver_name`, `relationship`, `remarks`, `refferred_by`, `martial_status`, `gender`, `address`, `dob`, `password`, `created_at`, `updated_at`) values('1','Cecilia Mcpherson','david@gmail.com','678909877','9087908767','Cain Stout','Est molestiae conse','New','NEw','Single','Female','Nulla quam consectet','1994-08-25','$2y$10$OoyeB466AyklrQKj/HGDxOcOC2IGxd7TXiCKjJhuNwySOtzMn4qWa','2025-04-03 12:02:22','2025-04-03 12:08:54');
insert into `patients` (`id`, `patient_name`, `email`, `mobile`, `alternate_no`, `caregiver_name`, `relationship`, `remarks`, `refferred_by`, `martial_status`, `gender`, `address`, `dob`, `password`, `created_at`, `updated_at`) values('2','Vernon Kinney','lymicegaw@mailinator.com','789067787','9087654567','Arthur Wiggins','Voluptatem officiis','Optio est explicabo','Rerum rerum laborum','Married','Female','Dolorum et molestias','2008-11-07','$2y$10$pZQlRWthC5RNTi3Pj/Oz..lzMspXJaNmmZUVctEGIXuFE6UqBgXEG','2025-04-03 12:05:03','2025-04-03 12:05:03');
insert into `patients` (`id`, `patient_name`, `email`, `mobile`, `alternate_no`, `caregiver_name`, `relationship`, `remarks`, `refferred_by`, `martial_status`, `gender`, `address`, `dob`, `password`, `created_at`, `updated_at`) values('3','Nola Harrington','fidegij@mailinator.com','907876755','8907656789','Hasad England','A elit soluta fugia','Eveniet qui volupta','Expedita quis ipsum','Widowed','Other','Veniam dolores face','1991-04-11','$2y$10$NbLj7.GPtLzVYOjU1Nx77O6gln9PXG.lK4KG355edVhZK/E6duqQ.','2025-04-03 12:05:10','2025-04-03 12:05:10');
insert into `patients` (`id`, `patient_name`, `email`, `mobile`, `alternate_no`, `caregiver_name`, `relationship`, `remarks`, `refferred_by`, `martial_status`, `gender`, `address`, `dob`, `password`, `created_at`, `updated_at`) values('4','Vivian Snyder','becolegosu@mailinator.com','890767655','9879087654','Hammett Golden','Sunt omnis eveniet','Dolorem soluta excep','Suscipit rerum repre','Single','Female','Molestiae earum nequ','1982-02-14','$2y$10$/ptr2UwMZCuaJxFmtFIns.n9VBhFDYJBmDiQvwEG95hvGnrTfpobq','2025-04-03 12:05:19','2025-04-03 12:05:19');
insert into `patients` (`id`, `patient_name`, `email`, `mobile`, `alternate_no`, `caregiver_name`, `relationship`, `remarks`, `refferred_by`, `martial_status`, `gender`, `address`, `dob`, `password`, `created_at`, `updated_at`) values('6','Marvin Schimmel','orrin29@example.org','9871462537','9868639457','Joelle McGlynn DDS','Sister','Veritatis earum aliquid ullam cupiditate accusamus eligendi.','Dr. Bradtke','Married','Male','416 Lavon Gateway Apt. 381\nNew Tillman, VA 65271-4646','2001-11-22','$2y$10$itop1QDSgbOdguFWU296uevgVZSTQB2GR65vHCN2iLp17Et32H/8K','2025-04-05 04:45:25','2025-04-05 04:45:25');
insert into `patients` (`id`, `patient_name`, `email`, `mobile`, `alternate_no`, `caregiver_name`, `relationship`, `remarks`, `refferred_by`, `martial_status`, `gender`, `address`, `dob`, `password`, `created_at`, `updated_at`) values('7','German Johnston','berneice45@example.org','9858890662','9840602481','Cydney Reilly','Brother','Eum possimus et dolores.','Dr. Heller','Married','Male','2138 Kulas Park Apt. 649\nDoviestad, TX 04242','1991-11-09','$2y$10$ixlbkQ754ZCVC1OFCsyabes7YPov.xRV7zng0Aa1RObve6mVCjKiS','2025-04-05 04:45:25','2025-04-05 04:45:25');
insert into `patients` (`id`, `patient_name`, `email`, `mobile`, `alternate_no`, `caregiver_name`, `relationship`, `remarks`, `refferred_by`, `martial_status`, `gender`, `address`, `dob`, `password`, `created_at`, `updated_at`) values('8','Mr. Gideon Thompson','lwelch@example.com','9837376801','9855496384','Miss Lucile Langosh V','Sister','Omnis amet sint cum voluptate quia facilis eos.','Dr. O\'Reilly','Single','Male','39967 Jerrod Stream\nSouth Hermann, MS 76485','1992-10-26','$2y$10$4bExt20fssLXehYgoLi.u.Vao/hvy9H5fC1R89sTQy3DJ1RYg/9gu','2025-04-05 04:45:25','2025-04-05 04:45:25');
insert into `patients` (`id`, `patient_name`, `email`, `mobile`, `alternate_no`, `caregiver_name`, `relationship`, `remarks`, `refferred_by`, `martial_status`, `gender`, `address`, `dob`, `password`, `created_at`, `updated_at`) values('9','Bart Jaskolski','ehilpert@example.org','9814946677','9867266453','Ulises O\'Reilly','Sister','Molestiae eum dolore et qui.','Dr. Okuneva','Married','Male','9249 Mraz Tunnel\nNew Kiptown, UT 77691','1988-04-11','$2y$10$K72uwFakRwzu.QpbZR8YSOZmb6VbPkX54gmGaIc06V.BMY0MVBJ3S','2025-04-05 04:45:25','2025-04-05 04:45:25');
insert into `patients` (`id`, `patient_name`, `email`, `mobile`, `alternate_no`, `caregiver_name`, `relationship`, `remarks`, `refferred_by`, `martial_status`, `gender`, `address`, `dob`, `password`, `created_at`, `updated_at`) values('10','Geovanni Schneider','beatty.marcelina@example.net','9889167820','9886873516','Gillian Hyatt','Sister','Sed accusamus praesentium ut occaecati eaque.','Dr. Adams','Single','Female','623 Schmidt Mill Suite 124\nCummingsburgh, FL 52900','1989-07-20','$2y$10$RVVM00Fr93IxxxQW0DwgaOVN.YHfYyuZCAtel.cpEaWU30KYlmdXC','2025-04-05 04:45:25','2025-04-05 04:45:25');
insert into `patients` (`id`, `patient_name`, `email`, `mobile`, `alternate_no`, `caregiver_name`, `relationship`, `remarks`, `refferred_by`, `martial_status`, `gender`, `address`, `dob`, `password`, `created_at`, `updated_at`) values('11','Mr. Luigi Terry','koch.verda@example.org','9840622066','9800168826','Mr. Jerrod Daugherty','Daughter','Beatae et voluptates quae placeat illo autem et iusto.','Dr. Nicolas','Single','Female','25942 Ryder Club\nLake Freedastad, MI 68842','1972-09-13','$2y$10$4kih4vBKj9On.W0PPdLPLebycGDWlU762VMSCbypMDCMEFAxlQaO.','2025-04-05 04:45:25','2025-04-05 04:45:25');
insert into `patients` (`id`, `patient_name`, `email`, `mobile`, `alternate_no`, `caregiver_name`, `relationship`, `remarks`, `refferred_by`, `martial_status`, `gender`, `address`, `dob`, `password`, `created_at`, `updated_at`) values('12','Dr. Moshe Koch','margaretta99@example.net','9859558909','9814000160','Jacey Sporer','Wife','Et consequatur aperiam inventore aliquam.','Dr. Gerlach','Single','Male','19522 Haag Ferry\nRutherfordmouth, ND 21406','2002-04-17','$2y$10$wcTYtd4/6ymHx5xnr/PS/.ibLvQRVvVHjPjFTH9UtYln6SX6DaaS.','2025-04-05 04:45:25','2025-04-05 04:45:25');
insert into `patients` (`id`, `patient_name`, `email`, `mobile`, `alternate_no`, `caregiver_name`, `relationship`, `remarks`, `refferred_by`, `martial_status`, `gender`, `address`, `dob`, `password`, `created_at`, `updated_at`) values('13','Ron D\'Amore','gaston.hyatt@example.org','9856083444','9856425938','Gaylord Kub','Sister','Ea voluptatem qui quos reprehenderit et voluptatibus eveniet.','Dr. Aufderhar','Single','Female','16631 Oran Stream\nNorth Jalen, WI 79554','1974-11-11','$2y$10$9LigVgKVVvOHeq/0WSU.4uv.JTkt5K2yFvgyfRFYjrXs.ERVE3n6i','2025-04-05 04:45:25','2025-04-05 04:45:25');
insert into `patients` (`id`, `patient_name`, `email`, `mobile`, `alternate_no`, `caregiver_name`, `relationship`, `remarks`, `refferred_by`, `martial_status`, `gender`, `address`, `dob`, `password`, `created_at`, `updated_at`) values('14','Zack Rempel','jwuckert@example.com','9864763357','9858376243','Domenico Welch','Daughter','Sint velit sapiente impedit omnis officia libero et provident.','Dr. Dooley','Married','Male','4386 Camille Plains\nSouth Vinnie, AK 59128-6290','2003-04-22','$2y$10$mx.CVHfzMvYXHSYYqitjt.3jcPPQ7ZK.YtJgY633dXyFSIVALTdz6','2025-04-05 04:45:25','2025-04-05 04:45:25');
insert into `patients` (`id`, `patient_name`, `email`, `mobile`, `alternate_no`, `caregiver_name`, `relationship`, `remarks`, `refferred_by`, `martial_status`, `gender`, `address`, `dob`, `password`, `created_at`, `updated_at`) values('15','Sasha Grimes','camila07@example.net','9865614622','9899472938','Dell Harris','Brother','Facilis delectus consequuntur non magni dolor quo vitae itaque.','Dr. Funk','Married','Female','76596 Von Plains Apt. 746\nToreystad, MI 08300-1441','2003-09-16','$2y$10$2048zl/Z92cW0aYPnycxpO9j1Rs.12YSIbZ/XO006ZAtV67FeP54m','2025-04-05 04:45:25','2025-04-05 04:45:25');
insert into `patients` (`id`, `patient_name`, `email`, `mobile`, `alternate_no`, `caregiver_name`, `relationship`, `remarks`, `refferred_by`, `martial_status`, `gender`, `address`, `dob`, `password`, `created_at`, `updated_at`) values('16','Alexandrine Dietrich Sr.','elowe@example.org','9812119835','9885210211','Eunice King','Brother','Optio qui maxime temporibus eum.','Dr. Kub','Single','Female','597 Dejah Tunnel Suite 402\nNew Jessyca, KS 19811-0845','2003-07-23','$2y$10$PVBTaz3ArRl90AE2OFWtuuLIOzp6uqJLGpOFSNMXnntvVfaWZWevm','2025-04-05 04:45:25','2025-04-05 04:45:25');
insert into `patients` (`id`, `patient_name`, `email`, `mobile`, `alternate_no`, `caregiver_name`, `relationship`, `remarks`, `refferred_by`, `martial_status`, `gender`, `address`, `dob`, `password`, `created_at`, `updated_at`) values('17','Linwood Feil I','mkuphal@example.org','9841334606','9837975978','Seth Bergstrom','Son','Consequatur adipisci iste quasi aliquam facilis.','Dr. Goodwin','Married','Female','75523 Flavio Station Suite 732\nCurtland, SC 84550-7513','1972-09-16','$2y$10$zugtsDzCuLhx6ERmXUj/9ultK8MHPuTyi3Frd8YSNvvPGcX7ZHc0i','2025-04-05 04:45:25','2025-04-05 04:45:25');
insert into `patients` (`id`, `patient_name`, `email`, `mobile`, `alternate_no`, `caregiver_name`, `relationship`, `remarks`, `refferred_by`, `martial_status`, `gender`, `address`, `dob`, `password`, `created_at`, `updated_at`) values('18','Madie Emmerich','presley.sanford@example.net','9827342624','9879791385','Dr. Andrew Collins','Daughter','Ad quaerat magni eaque nisi et aliquam ut.','Dr. Ullrich','Single','Female','45378 Beier Bridge\nEast Jeanneport, KY 04993','1993-02-21','$2y$10$Hozxzpjn5/Wp9CahJRx./uHCxn3H.LLYM7Q.H55CnGU1py.H/XVsG','2025-04-05 04:45:26','2025-04-05 04:45:26');
insert into `patients` (`id`, `patient_name`, `email`, `mobile`, `alternate_no`, `caregiver_name`, `relationship`, `remarks`, `refferred_by`, `martial_status`, `gender`, `address`, `dob`, `password`, `created_at`, `updated_at`) values('19','Tyler Weissnat','delmer72@example.org','9862202551','9853570360','Brendon Hoeger','Son','Commodi asperiores occaecati occaecati labore.','Dr. Douglas','Married','Female','6578 Kirlin Oval Apt. 599\nRohanview, CT 33618','1984-11-02','$2y$10$3ztJqvhMEsMYBeIpgf2kIuy0H4ndCrGYy2.hfrWoQXm7xbtGE3NE6','2025-04-05 04:45:26','2025-04-05 04:45:26');
insert into `patients` (`id`, `patient_name`, `email`, `mobile`, `alternate_no`, `caregiver_name`, `relationship`, `remarks`, `refferred_by`, `martial_status`, `gender`, `address`, `dob`, `password`, `created_at`, `updated_at`) values('20','Beatrice Schuppe IV','dejon13@example.net','9894451940','9822826313','Minnie Lesch','Son','Vitae asperiores ea non adipisci dolores.','Dr. Kiehn','Married','Female','8345 Klocko Streets\nNorth Deltaview, OH 39840','1975-01-29','$2y$10$Eiy6mNuCEkUFd6nT422AH.f5/0.4J3hxZmp0BM8bZ0NGWudYNgDOe','2025-04-05 04:45:26','2025-04-05 04:45:26');
insert into `patients` (`id`, `patient_name`, `email`, `mobile`, `alternate_no`, `caregiver_name`, `relationship`, `remarks`, `refferred_by`, `martial_status`, `gender`, `address`, `dob`, `password`, `created_at`, `updated_at`) values('21','Prof. Barrett Hane II','uhermiston@example.net','9838163271','9858846994','Paxton Nolan','Daughter','Et delectus totam accusamus nostrum quibusdam.','Dr. Nienow','Married','Female','758 Oliver Manors\nEast Rachael, NV 60312','1973-09-28','$2y$10$CNDrXngdt2M/eaN9xrUVieZFEEwklbaw2BRQiVDfXlR0Qgg2kqo3a','2025-04-05 04:45:26','2025-04-05 04:45:26');
insert into `patients` (`id`, `patient_name`, `email`, `mobile`, `alternate_no`, `caregiver_name`, `relationship`, `remarks`, `refferred_by`, `martial_status`, `gender`, `address`, `dob`, `password`, `created_at`, `updated_at`) values('22','Dr. Joan Heidenreich','shields.cathy@example.com','9810525161','9877667918','Reginald Lindgren Jr.','Daughter','Omnis nam placeat atque omnis quo quas officia repudiandae.','Dr. Hirthe','Married','Female','12205 Shanon Cove\nThompsonfort, CT 08429-3118','1977-11-27','$2y$10$JHfYwwoRBTajGfNwdGl5QutOmN2zn9aZR1pqKCeeO1RjSrIBi1HS.','2025-04-05 04:45:26','2025-04-05 04:45:26');
insert into `patients` (`id`, `patient_name`, `email`, `mobile`, `alternate_no`, `caregiver_name`, `relationship`, `remarks`, `refferred_by`, `martial_status`, `gender`, `address`, `dob`, `password`, `created_at`, `updated_at`) values('23','Florencio Hartmann','johnpaul56@example.org','9804964668','9849012507','Dr. Amaya Ortiz','Daughter','Quas placeat dicta omnis dolor corporis velit officia.','Dr. Flatley','Single','Male','15734 Prosacco Key Suite 188\nBiankaside, NV 67266','1986-09-04','$2y$10$tmc0phxGq86l972SMKPBD.JrSXuweUa5Brz6AxxCelR4.BlU6NXQW','2025-04-05 04:45:26','2025-04-05 04:45:26');
insert into `patients` (`id`, `patient_name`, `email`, `mobile`, `alternate_no`, `caregiver_name`, `relationship`, `remarks`, `refferred_by`, `martial_status`, `gender`, `address`, `dob`, `password`, `created_at`, `updated_at`) values('24','Adrain Cronin','meggie25@example.org','9897616330','9848590359','Alisa Blanda','Daughter','Culpa ab quas voluptatem vero ipsam ut odit.','Dr. Hoeger','Married','Male','31531 Reinger Port\nLaronchester, NV 33824','1973-04-26','$2y$10$uGMZsXEPfShN5sQ.rj1O2.0/HBZ8f9IdNyhMml2yByWXnyuzXJoK6','2025-04-05 04:45:26','2025-04-05 04:45:26');
insert into `patients` (`id`, `patient_name`, `email`, `mobile`, `alternate_no`, `caregiver_name`, `relationship`, `remarks`, `refferred_by`, `martial_status`, `gender`, `address`, `dob`, `password`, `created_at`, `updated_at`) values('25','Jean Goodwin','rogelio.bashirian@example.net','9870084987','9845321410','Alessandro Moore','Wife','Maxime voluptas ut maxime dolorem laboriosam minima.','Dr. Runolfsdottir','Single','Female','32938 Burnice Green\nGusikowskiburgh, FL 81027-2475','1991-08-06','$2y$10$87DZjqYoK3.FkjRg2vIu2u65cjvzKopMP7/QpIBzl7GYc7cSCN5/C','2025-04-05 04:45:26','2025-04-05 04:45:26');
insert into `patients` (`id`, `patient_name`, `email`, `mobile`, `alternate_no`, `caregiver_name`, `relationship`, `remarks`, `refferred_by`, `martial_status`, `gender`, `address`, `dob`, `password`, `created_at`, `updated_at`) values('26','Dr. Torrey Olson','mraz.curtis@example.net','9845507464','9826127699','Eryn Block','Brother','Necessitatibus similique aut tempore nulla et dolor voluptates ut.','Dr. Maggio','Married','Male','76574 Herzog Point\nLake Nellie, NC 61175','1991-06-04','$2y$10$LHA6.Z3nVNcLKpKlL8LGU.RK3gqiUdg1QbcZcbGx2Usg9ScgfZeZO','2025-04-05 04:45:26','2025-04-05 04:45:26');
insert into `patients` (`id`, `patient_name`, `email`, `mobile`, `alternate_no`, `caregiver_name`, `relationship`, `remarks`, `refferred_by`, `martial_status`, `gender`, `address`, `dob`, `password`, `created_at`, `updated_at`) values('27','Beryl Klocko Jr.','weimann.madelyn@example.org','9826574483','9888437682','Mazie Bosco','Daughter','Et sint unde nesciunt consequatur ratione non.','Dr. Gibson','Married','Female','8357 Tabitha Viaduct Apt. 975\nSouth Darronstad, DE 30157-0148','1997-12-15','$2y$10$2CRprKqhi/XipLJ63bi.zOhVGTnxmlRWzhKD5sO1WndGsggdhg9.2','2025-04-05 04:45:26','2025-04-05 04:45:26');
insert into `patients` (`id`, `patient_name`, `email`, `mobile`, `alternate_no`, `caregiver_name`, `relationship`, `remarks`, `refferred_by`, `martial_status`, `gender`, `address`, `dob`, `password`, `created_at`, `updated_at`) values('28','Cassandre Heller V','abbott.johnathon@example.com','9884278998','9897937916','Madge Yost','Wife','Odio ut aut quam dolorem ullam tempore enim totam.','Dr. Dooley','Single','Female','8257 Ortiz Unions Apt. 535\nPort Crystelville, DC 36028','1999-02-04','$2y$10$2Gib7LxZmTxXDrpYhA5rqenGUaa6t/b.BxhZDoho/99fkQoS6Tygq','2025-04-05 04:45:26','2025-04-05 04:45:26');
insert into `patients` (`id`, `patient_name`, `email`, `mobile`, `alternate_no`, `caregiver_name`, `relationship`, `remarks`, `refferred_by`, `martial_status`, `gender`, `address`, `dob`, `password`, `created_at`, `updated_at`) values('29','Prof. Luigi Lang','kyle.boyle@example.org','9872135421','9814541784','Amy Wilkinson PhD','Son','Aliquam ad nihil quia.','Dr. Greenfelder','Married','Female','2686 Zboncak Mountains Apt. 111\nPercivaltown, IL 28831','2000-08-18','$2y$10$TUQ0i6xVyPwwso9REr1.Z.ZZlqR3l5ML.oGAvdqzLZ4SQmteJN4vO','2025-04-05 04:45:26','2025-04-05 04:45:26');
insert into `patients` (`id`, `patient_name`, `email`, `mobile`, `alternate_no`, `caregiver_name`, `relationship`, `remarks`, `refferred_by`, `martial_status`, `gender`, `address`, `dob`, `password`, `created_at`, `updated_at`) values('30','Ms. Harmony Smitham DVM','kemmer.amely@example.com','9853845345','9886463432','Flavio Murphy III','Son','Ea dolore cumque error.','Dr. Kuhlman','Single','Female','9946 Feest Motorway Apt. 738\nWest Earl, DC 87723','2003-12-03','$2y$10$cj/8W9oxDdSy40KqvP8lBOz8sgBpdY./bSbe/XBVV.Nyy.xNgCsIS','2025-04-05 04:45:26','2025-04-05 04:45:26');
insert into `patients` (`id`, `patient_name`, `email`, `mobile`, `alternate_no`, `caregiver_name`, `relationship`, `remarks`, `refferred_by`, `martial_status`, `gender`, `address`, `dob`, `password`, `created_at`, `updated_at`) values('31','Molly ','sunny.wilkinson@example.net','9834115059','9865424010','Enid Ward PhD','Sister','Dicta et vel recusandae non architecto ratione.','Dr. Homenick','Married','Male','307 Kip Circle\nPort Zacharyville, WY 97751','1993-05-27','$2y$10$ANV.aIRJgKkplA8BCMxfGuRVu91qSr2aaXicVBPMQrBxMNEiwAsP6','2025-04-05 04:45:26','2025-04-05 04:45:26');
insert into `patients` (`id`, `patient_name`, `email`, `mobile`, `alternate_no`, `caregiver_name`, `relationship`, `remarks`, `refferred_by`, `martial_status`, `gender`, `address`, `dob`, `password`, `created_at`, `updated_at`) values('32','Theodora Smitham','xfarrell@example.org','9802071457','9849701335','Miss Abigale Barton I','Sister','Qui earum porro totam aut facere illo quis.','Dr. Pagac','Single','Male','913 Golden Fort\nWalkerfurt, MO 47786','1980-12-31','$2y$10$SjnbHxkTqwXu5ISa2UtASuH2BMID2q3KoaSVgakU03cvzSHZnnqqe','2025-04-05 04:45:26','2025-04-05 04:45:26');
insert into `patients` (`id`, `patient_name`, `email`, `mobile`, `alternate_no`, `caregiver_name`, `relationship`, `remarks`, `refferred_by`, `martial_status`, `gender`, `address`, `dob`, `password`, `created_at`, `updated_at`) values('33','Dr. Eliseo Padberg DVM','schneider.kacie@example.org','9879944803','9850146261','Jack Mann','Wife','Tempora tempora eveniet labore ea.','Dr. Ruecker','Single','Female','52088 Kerluke Common Suite 618\nNew Jairotown, ME 05918','1973-08-11','$2y$10$Z31hyOfOTbm9VP8zqm2OcO98zWYWyMs0RykxNIVLvQ7opfC66tjw.','2025-04-05 04:45:26','2025-04-05 04:45:26');
insert into `patients` (`id`, `patient_name`, `email`, `mobile`, `alternate_no`, `caregiver_name`, `relationship`, `remarks`, `refferred_by`, `martial_status`, `gender`, `address`, `dob`, `password`, `created_at`, `updated_at`) values('34','Santiago Ritchie Sr.','murphy05@example.com','9814618625','9888940163','Miss Shana Bogan','Daughter','Non itaque possimus soluta odio cupiditate et.','Dr. Ziemann','Married','Male','4465 Myrtice Field Apt. 483\nGleasonfort, VA 05773','1985-09-03','$2y$10$Nl6n8cfLXvOPbyKABkHxN.siR0941411J4iHOeXka/M94H4lpbN3C','2025-04-05 04:45:27','2025-04-05 04:45:27');
insert into `patients` (`id`, `patient_name`, `email`, `mobile`, `alternate_no`, `caregiver_name`, `relationship`, `remarks`, `refferred_by`, `martial_status`, `gender`, `address`, `dob`, `password`, `created_at`, `updated_at`) values('35','Dean Deckow IV','flakin@example.org','9885066272','9857134800','Amparo Frami DVM','Brother','Voluptates vero voluptatum voluptatem et aliquam itaque est.','Dr. Schneider','Single','Male','69222 Greenholt Crossroad\nFabiolamouth, VA 68364','1977-06-24','$2y$10$Q7WytKgE5paldc4LGAQHjuZhTS/cLO22CeZ.BjvHscirKfUxr4W8S','2025-04-05 04:45:27','2025-04-05 04:45:27');
insert into `patients` (`id`, `patient_name`, `email`, `mobile`, `alternate_no`, `caregiver_name`, `relationship`, `remarks`, `refferred_by`, `martial_status`, `gender`, `address`, `dob`, `password`, `created_at`, `updated_at`) values('36','Amir Hoppe','muriel27@example.org','9863743594','9841869624','Madisen Windler','Daughter','Ipsa perspiciatis earum blanditiis eligendi provident nihil.','Dr. Leffler','Single','Male','833 Tom Rue Apt. 817\nLake Paul, DE 06707','1994-06-11','$2y$10$Zi0OGEkUFQ0apKXLaP0tDeCWX.qUf8nQIul7yqVjSUhLM2Ya/iMuO','2025-04-05 04:45:27','2025-04-05 04:45:27');
insert into `patients` (`id`, `patient_name`, `email`, `mobile`, `alternate_no`, `caregiver_name`, `relationship`, `remarks`, `refferred_by`, `martial_status`, `gender`, `address`, `dob`, `password`, `created_at`, `updated_at`) values('37','Durward Bergnaum','yvolkman@example.com','9871489837','9848296210','Dr. Emelia Gibson Jr.','Son','Sit incidunt voluptates accusantium et aut explicabo nostrum.','Dr. Sawayn','Married','Male','7201 Blaze Divide Apt. 505\nBodetown, NC 51515-8449','1989-10-26','$2y$10$4H7iFsiE1PeVI5N52HSpzevWTtqtzKEN9Qr9D3lpxFTHWEtsSC18C','2025-04-05 04:45:27','2025-04-05 04:45:27');
insert into `patients` (`id`, `patient_name`, `email`, `mobile`, `alternate_no`, `caregiver_name`, `relationship`, `remarks`, `refferred_by`, `martial_status`, `gender`, `address`, `dob`, `password`, `created_at`, `updated_at`) values('38','Jaden Adams','fisher.bernie@example.com','9830493166','9846654793','Lurline Keebler','Son','Quia vel nostrum omnis cum atque quibusdam incidunt nam.','Dr. Walker','Married','Male','640 King Knolls\nBergnaumshire, VT 01402','1987-04-11','$2y$10$hl6CGzcaDD8WYX/7U3lXNeHdWK2S0.2ejaOyepkZNube/iUyhcGDm','2025-04-05 04:45:27','2025-04-05 04:45:27');
insert into `patients` (`id`, `patient_name`, `email`, `mobile`, `alternate_no`, `caregiver_name`, `relationship`, `remarks`, `refferred_by`, `martial_status`, `gender`, `address`, `dob`, `password`, `created_at`, `updated_at`) values('39','Dr. Cindy Bechtelar Jr.','bergstrom.paula@example.com','9811729851','9800894985','Gus Collier PhD','Daughter','Aut quasi qui saepe ipsam.','Dr. Johns','Married','Male','849 Parker Lane\nWest Breannashire, NY 83422','2001-10-12','$2y$10$DOvOZzTxOw2.KS3/8Cp/me.Tw9GsSofQ7WL49ORh514jeTrMK.MhO','2025-04-05 04:45:27','2025-04-05 04:45:27');
insert into `patients` (`id`, `patient_name`, `email`, `mobile`, `alternate_no`, `caregiver_name`, `relationship`, `remarks`, `refferred_by`, `martial_status`, `gender`, `address`, `dob`, `password`, `created_at`, `updated_at`) values('40','Berta Bartoletti','gusikowski.karson@example.com','9859912021','9819034723','Cleora Pfannerstill','Son','Sequi temporibus esse cumque eum in eum.','Dr. Jast','Married','Male','29929 Carissa Crossing Apt. 454\nOrlomouth, NY 16268-9681','1997-06-05','$2y$10$qjozlRmroiWo2t0iuyfkl.kC.Uh2U.11Csk2...CU4vKnQXI3xpAy','2025-04-05 04:45:27','2025-04-05 04:45:27');
insert into `patients` (`id`, `patient_name`, `email`, `mobile`, `alternate_no`, `caregiver_name`, `relationship`, `remarks`, `refferred_by`, `martial_status`, `gender`, `address`, `dob`, `password`, `created_at`, `updated_at`) values('41','Beau Mante','nmorissette@example.com','9834388972','9844248999','Myrtie Mayert','Sister','Ipsum consequuntur aut et minus nam.','Dr. Feest','Married','Female','856 Blanda Stream Apt. 862\nNew Quintonstad, NM 70190','1970-05-18','$2y$10$D8BNooKh28hWhAl4rwdzxuIF7KaLD/16J8jQ3gIrTqhQXtL1ZFyza','2025-04-05 04:45:27','2025-04-05 04:45:27');
insert into `patients` (`id`, `patient_name`, `email`, `mobile`, `alternate_no`, `caregiver_name`, `relationship`, `remarks`, `refferred_by`, `martial_status`, `gender`, `address`, `dob`, `password`, `created_at`, `updated_at`) values('42','Orval Smith','cade59@example.net','9892130825','9803446927','Nickolas Aufderhar','Son','Accusamus ut aut atque aut deleniti repudiandae hic nostrum.','Dr. Mraz','Married','Male','60047 Claud Ramp\nReichelborough, CT 57879-9682','1974-04-23','$2y$10$S.PYk47ZWy009ER/U/eyiurMaGsyG/9VNSogdxvxGyQuvI2QS.vYK','2025-04-05 04:45:27','2025-04-05 04:45:27');
insert into `patients` (`id`, `patient_name`, `email`, `mobile`, `alternate_no`, `caregiver_name`, `relationship`, `remarks`, `refferred_by`, `martial_status`, `gender`, `address`, `dob`, `password`, `created_at`, `updated_at`) values('43','Casimir Ferry','aiden.koepp@example.org','9829177762','9819529064','Shakira Jenkins','Sister','Aut accusantium magnam est voluptas quis veniam accusamus reprehenderit.','Dr. Ernser','Single','Female','8448 Rogahn Summit Apt. 926\nPort Kaylah, OH 68198','1987-04-21','$2y$10$F8Z3sL/wuynXTMP3uBa7cOSWqvYNsqixuS0Xc1aVayWVceIL3tnOm','2025-04-05 04:45:27','2025-04-05 04:45:27');
insert into `patients` (`id`, `patient_name`, `email`, `mobile`, `alternate_no`, `caregiver_name`, `relationship`, `remarks`, `refferred_by`, `martial_status`, `gender`, `address`, `dob`, `password`, `created_at`, `updated_at`) values('44','Kim Green','magali.nienow@example.net','9812942205','9882489015','Demarco Rutherford','Son','Consectetur eos ut et voluptate iure expedita.','Dr. Hauck','Single','Male','158 Alisha Plaza\nNorth Sylvia, SD 22624','1987-01-29','$2y$10$2z8/EeUYmS3YVwk8gasi3.8mmNpfYuwJ9pUqXFaf5MymGyFB1JwEC','2025-04-05 04:45:27','2025-04-05 04:45:27');
insert into `patients` (`id`, `patient_name`, `email`, `mobile`, `alternate_no`, `caregiver_name`, `relationship`, `remarks`, `refferred_by`, `martial_status`, `gender`, `address`, `dob`, `password`, `created_at`, `updated_at`) values('45','Rae Donnelly','shad.tromp@example.com','9886841591','9860219424','Miss Eleanore Quitzon V','Son','Cum dolorem et accusamus.','Dr. Gaylord','Married','Female','276 Shields Turnpike Apt. 050\nEast Hudson, OH 49604-5166','1991-10-08','$2y$10$N0c8.HrO5ltLNoyZf1HbWe.jIbQXS7ohT/rhYBysoXKLgJlUDub/y','2025-04-05 04:45:27','2025-04-05 04:45:27');





    




insert into `appointments` (`appointment_status`, `id`, `patientName`, `patient_id`, `doctor_id`, `problem`, `appointment_date`, `appointment_time`, `created_at`, `updated_at`) values('1','279','Cecilia Mcpherson','1','1','Fever','2025-04-11','19:48:00','2025-04-03 12:18:55','2025-04-05 06:12:02');
insert into `appointments` (`appointment_status`, `id`, `patientName`, `patient_id`, `doctor_id`, `problem`, `appointment_date`, `appointment_time`, `created_at`, `updated_at`) values('0','280','Dr. Moshe Koch','12','1','Fatigue','2024-07-15','10:30:00',NULL,NULL);
insert into `appointments` (`appointment_status`, `id`, `patientName`, `patient_id`, `doctor_id`, `problem`, `appointment_date`, `appointment_time`, `created_at`, `updated_at`) values('1','281','Vivian Snyder','4','1','Painful urination','2024-08-10','09:45:00',NULL,NULL);
insert into `appointments` (`appointment_status`, `id`, `patientName`, `patient_id`, `doctor_id`, `problem`, `appointment_date`, `appointment_time`, `created_at`, `updated_at`) values('0','282','Dr. Eliseo Padberg DVM','33','1','Diabetes','2024-07-22','11:15:00',NULL,NULL);
insert into `appointments` (`appointment_status`, `id`, `patientName`, `patient_id`, `doctor_id`, `problem`, `appointment_date`, `appointment_time`, `created_at`, `updated_at`) values('1','283','Linwood Feil I','17','1','Joint pain','2024-09-03','14:00:00',NULL,NULL);
insert into `appointments` (`appointment_status`, `id`, `patientName`, `patient_id`, `doctor_id`, `problem`, `appointment_date`, `appointment_time`, `created_at`, `updated_at`) values('0','284','Mr. Gideon Thompson','8','1','Headache','2024-07-30','15:30:00',NULL,NULL);
insert into `appointments` (`appointment_status`, `id`, `patientName`, `patient_id`, `doctor_id`, `problem`, `appointment_date`, `appointment_time`, `created_at`, `updated_at`) values('0','285','Jean Goodwin','25','1','Tremors','2024-06-12','13:45:00',NULL,NULL);
insert into `appointments` (`appointment_status`, `id`, `patientName`, `patient_id`, `doctor_id`, `problem`, `appointment_date`, `appointment_time`, `created_at`, `updated_at`) values('0','286','Nola Harrington','3','1','Painful urination','2024-06-25','08:15:00',NULL,NULL);
insert into `appointments` (`appointment_status`, `id`, `patientName`, `patient_id`, `doctor_id`, `problem`, `appointment_date`, `appointment_time`, `created_at`, `updated_at`) values('1','287','Orval Smith','42','1','Headache','2024-07-05','12:00:00',NULL,NULL);
insert into `appointments` (`appointment_status`, `id`, `patientName`, `patient_id`, `doctor_id`, `problem`, `appointment_date`, `appointment_time`, `created_at`, `updated_at`) values('0','288','Prof. Barrett Hane II','21','1','Weight loss','2024-07-19','09:00:00',NULL,NULL);
insert into `appointments` (`appointment_status`, `id`, `patientName`, `patient_id`, `doctor_id`, `problem`, `appointment_date`, `appointment_time`, `created_at`, `updated_at`) values('0','289','Jaden Adams','38','1','Weakness','2024-07-11','10:00:00',NULL,NULL);
insert into `appointments` (`appointment_status`, `id`, `patientName`, `patient_id`, `doctor_id`, `problem`, `appointment_date`, `appointment_time`, `created_at`, `updated_at`) values('1','290','German Johnston','7','1','Skin lesions','2024-08-01','14:30:00',NULL,NULL);
insert into `appointments` (`appointment_status`, `id`, `patientName`, `patient_id`, `doctor_id`, `problem`, `appointment_date`, `appointment_time`, `created_at`, `updated_at`) values('0','291','Molly','31','1','Fatigue','2024-09-10','16:15:00',NULL,NULL);
insert into `appointments` (`appointment_status`, `id`, `patientName`, `patient_id`, `doctor_id`, `problem`, `appointment_date`, `appointment_time`, `created_at`, `updated_at`) values('0','292','Tyler Weissnat','19','1','Joint pain','2024-08-20','10:45:00',NULL,NULL);
insert into `appointments` (`appointment_status`, `id`, `patientName`, `patient_id`, `doctor_id`, `problem`, `appointment_date`, `appointment_time`, `created_at`, `updated_at`) values('1','293','Rae Donnelly','45','1','Weakness','2024-06-15','13:00:00',NULL,NULL);
insert into `appointments` (`appointment_status`, `id`, `patientName`, `patient_id`, `doctor_id`, `problem`, `appointment_date`, `appointment_time`, `created_at`, `updated_at`) values('0','294','Vernon Kinney','2','1','Skin sores','2024-07-27','11:30:00',NULL,NULL);
insert into `appointments` (`appointment_status`, `id`, `patientName`, `patient_id`, `doctor_id`, `problem`, `appointment_date`, `appointment_time`, `created_at`, `updated_at`) values('1','295','Beryl Klocko Jr.','27','1','Painful urination','2024-09-01','15:45:00',NULL,NULL);
insert into `appointments` (`appointment_status`, `id`, `patientName`, `patient_id`, `doctor_id`, `problem`, `appointment_date`, `appointment_time`, `created_at`, `updated_at`) values('0','296','Mr. Luigi Terry','11','1','Weight loss','2024-06-18','08:45:00',NULL,NULL);
insert into `appointments` (`appointment_status`, `id`, `patientName`, `patient_id`, `doctor_id`, `problem`, `appointment_date`, `appointment_time`, `created_at`, `updated_at`) values('0','297','Dr. Joan Heidenreich','22','1','Skin lesions','2024-08-05','09:30:00',NULL,NULL);
insert into `appointments` (`appointment_status`, `id`, `patientName`, `patient_id`, `doctor_id`, `problem`, `appointment_date`, `appointment_time`, `created_at`, `updated_at`) values('0','298','Amir Hoppe','36','1','Muscle stiffness','2024-07-09','16:00:00',NULL,NULL);
insert into `appointments` (`appointment_status`, `id`, `patientName`, `patient_id`, `doctor_id`, `problem`, `appointment_date`, `appointment_time`, `created_at`, `updated_at`) values('1','299','Marvin Schimmel','6','1','Skin lesions','2024-08-25','10:15:00',NULL,NULL);
insert into `appointments` (`appointment_status`, `id`, `patientName`, `patient_id`, `doctor_id`, `problem`, `appointment_date`, `appointment_time`, `created_at`, `updated_at`) values('0','300','Zack Rempel','14','1','Joint pain','2024-07-14','13:30:00',NULL,NULL);
insert into `appointments` (`appointment_status`, `id`, `patientName`, `patient_id`, `doctor_id`, `problem`, `appointment_date`, `appointment_time`, `created_at`, `updated_at`) values('1','301','Prof. Luigi Lang','29','1','Headache','2024-07-01','12:30:00',NULL,NULL);
insert into `appointments` (`appointment_status`, `id`, `patientName`, `patient_id`, `doctor_id`, `problem`, `appointment_date`, `appointment_time`, `created_at`, `updated_at`) values('0','302','Bart Jaskolski','9','1','Joint pain','2024-07-03','15:00:00',NULL,NULL);
insert into `appointments` (`appointment_status`, `id`, `patientName`, `patient_id`, `doctor_id`, `problem`, `appointment_date`, `appointment_time`, `created_at`, `updated_at`) values('1','303','Alexandrine Dietrich Sr.','16','1','Weakness','2024-08-14','14:15:00',NULL,NULL);
insert into `appointments` (`appointment_status`, `id`, `patientName`, `patient_id`, `doctor_id`, `problem`, `appointment_date`, `appointment_time`, `created_at`, `updated_at`) values('0','304','Berta Bartoletti','40','1','Memory loss','2024-09-05','11:00:00',NULL,NULL);
























